{"schemaVersion":"1.0","appDefinitionTemplate":{"id":"/providers/Microsoft.PowerApps/apps/","type":"Microsoft.PowerApps/apps","tags":{"primaryDeviceWidth":"640","primaryDeviceHeight":"1136","sienaVersion":"20211112T100725Z-3.21111.22.0","deviceCapabilities":"","supportsPortrait":"true","supportsLandscape":"true","primaryFormFactor":"Phone","publisherVersion":"3.21111.22","minimumRequiredApiVersion":"2.2.0","hasComponent":"true","hasUnlockedComponent":"true","isUnifiedRootApp":"false"},"properties":{"appVersion":"2021-11-12T10:07:25Z","lifeCycleId":"Published","createdByClientVersion":{"major":3,"minor":21111,"build":22,"revision":0,"majorRevision":0,"minorRevision":0},"minClientVersion":{"major":3,"minor":21111,"build":22,"revision":0,"majorRevision":0,"minorRevision":0},"backgroundColor":"RGBA(0,176,240,1)","backgroundImageUri":"/5971655046637257141/Na2cf3dda-4465-4486-82cf-fb70ef7e14bd-logoSmallFile","displayName":"Sende inn data APP kaffe","description":"","commitMessage":"Brukere","appUris":{"documentUri":{"value":"/5971655046637257141/N26c78105-8880-4158-8dba-0bb7d4ccbe0f-document.msapp"},"imageUris":[]},"createdTime":"0001-01-01T00:00:00Z","lastModifiedTime":"0001-01-01T00:00:00Z","sharedGroupsCount":0,"sharedUsersCount":0,"icons":{"smallIconUri":"/5971655046637257141/N11ef524c-d06e-48f1-b3b3-c32d45e4e2ec-small.png","mediumIconUri":"/5971655046637257141/Ned3d6412-7f8c-428a-8208-a7c342688ec8-medium.png","largeIconUri":"/5971655046637257141/Nae55aa89-6ef5-4b7a-9283-a23bbbfd2081-large.png","wideIconUri":"/5971655046637257141/N55ba7e95-6a1a-4342-a585-17468260025c-wide.png"},"connectionReferences":{"6f44d2e7-c9c5-4549-ae4c-33ebe76700d8":{"id":"6953bcb2-9cce-415b-ac11-8e37e998f632","displayName":"Google-ark","iconUri":"https://connectoricons-prod.azureedge.net/releases/v1.0.1521/1.0.1521.2572/googlesheet/icon.png","dataSources":["Bestillinger","Meny","Brukere"],"dependencies":[],"dependents":[],"parameterHints":{},"parameterHintsV2":{},"isOnPremiseConnection":false,"bypassConsent":false,"dataSets":{"1OaLwJi2FFMxhVXtXOeSSsS2nXzYhS3DiXtkqwWwYPps":{"dataSources":{"Bestillinger":{"tableName":"1139353469"},"Meny":{"tableName":"0"},"Brukere":{"tableName":"1668542206"}}}},"apiTier":"Standard","isCustomApiConnection":false,"actions":["providers/PowerPlatform.Governance/Operations/Read","providers/PowerPlatform.Governance/Operations/Write"]}},"databaseReferences":{},"almMode":"Environment","performanceOptimizationEnabled":true,"canConsumeAppPass":true,"executionRestrictions":{"isTeamsOnly":false,"dataLossPreventionEvaluationResult":{"status":"Compliant","lastEvaluationDate":"2021-10-25T11:06:02.1127831Z","violations":[],"violationsByPolicy":[],"violationErrorMessage":"Appen bruker følgende koblinger: shared_googlesheet."}}},"appType":"ClassicCanvasApp","appComponents":[]}}